{
  "0": {
    "precision": 0.9696969696969697,
    "recall": 0.9746192893401016,
    "f1-score": 0.9721518987341772,
    "support": 197.0
  },
  "1": {
    "precision": 0.9051383399209486,
    "recall": 0.9956521739130435,
    "f1-score": 0.94824016563147,
    "support": 230.0
  },
  "2": {
    "precision": 0.9623655913978495,
    "recall": 0.9226804123711341,
    "f1-score": 0.9421052631578948,
    "support": 194.0
  },
  "3": {
    "precision": 0.9282296650717703,
    "recall": 0.9371980676328503,
    "f1-score": 0.9326923076923077,
    "support": 207.0
  },
  "4": {
    "precision": 0.9285714285714286,
    "recall": 0.9337016574585635,
    "f1-score": 0.931129476584022,
    "support": 181.0
  },
  "5": {
    "precision": 0.9226804123711341,
    "recall": 0.9572192513368984,
    "f1-score": 0.9396325459317585,
    "support": 187.0
  },
  "6": {
    "precision": 0.9692307692307692,
    "recall": 0.984375,
    "f1-score": 0.9767441860465116,
    "support": 192.0
  },
  "7": {
    "precision": 0.933649289099526,
    "recall": 0.933649289099526,
    "f1-score": 0.933649289099526,
    "support": 211.0
  },
  "8": {
    "precision": 0.9696969696969697,
    "recall": 0.8247422680412371,
    "f1-score": 0.8913649025069638,
    "support": 194.0
  },
  "9": {
    "precision": 0.9130434782608695,
    "recall": 0.9130434782608695,
    "f1-score": 0.9130434782608695,
    "support": 207.0
  },
  "accuracy": 0.9385,
  "macro avg": {
    "precision": 0.9402302913318236,
    "recall": 0.9376880887454224,
    "f1-score": 0.9380753513645501,
    "support": 2000.0
  },
  "weighted avg": {
    "precision": 0.9394403860557554,
    "recall": 0.9385,
    "f1-score": 0.9380751435245192,
    "support": 2000.0
  }
}