{
  "0": {
    "precision": 0.964824120603015,
    "recall": 0.9746192893401016,
    "f1-score": 0.9696969696969697,
    "support": 197.0
  },
  "1": {
    "precision": 0.9382716049382716,
    "recall": 0.991304347826087,
    "f1-score": 0.9640591966173362,
    "support": 230.0
  },
  "2": {
    "precision": 0.9679144385026738,
    "recall": 0.9329896907216495,
    "f1-score": 0.9501312335958005,
    "support": 194.0
  },
  "3": {
    "precision": 0.9483568075117371,
    "recall": 0.9758454106280193,
    "f1-score": 0.9619047619047619,
    "support": 207.0
  },
  "4": {
    "precision": 0.9606741573033708,
    "recall": 0.9447513812154696,
    "f1-score": 0.9526462395543176,
    "support": 181.0
  },
  "5": {
    "precision": 0.967391304347826,
    "recall": 0.9518716577540107,
    "f1-score": 0.9595687331536388,
    "support": 187.0
  },
  "6": {
    "precision": 0.949748743718593,
    "recall": 0.984375,
    "f1-score": 0.9667519181585678,
    "support": 192.0
  },
  "7": {
    "precision": 0.9299065420560748,
    "recall": 0.943127962085308,
    "f1-score": 0.9364705882352942,
    "support": 211.0
  },
  "8": {
    "precision": 0.9661016949152542,
    "recall": 0.8814432989690721,
    "f1-score": 0.921832884097035,
    "support": 194.0
  },
  "9": {
    "precision": 0.912621359223301,
    "recall": 0.9082125603864735,
    "f1-score": 0.910411622276029,
    "support": 207.0
  },
  "accuracy": 0.9495,
  "macro avg": {
    "precision": 0.9505810773120118,
    "recall": 0.9488540598926193,
    "f1-score": 0.9493474147289753,
    "support": 2000.0
  },
  "weighted avg": {
    "precision": 0.9498203334222912,
    "recall": 0.9495,
    "f1-score": 0.9492872167366392,
    "support": 2000.0
  }
}