{
  "0": {
    "precision": 0.8146341463414634,
    "recall": 0.8477157360406091,
    "f1-score": 0.8308457711442786,
    "support": 197.0
  },
  "1": {
    "precision": 0.8543307086614174,
    "recall": 0.9434782608695652,
    "f1-score": 0.8966942148760331,
    "support": 230.0
  },
  "2": {
    "precision": 0.7947368421052632,
    "recall": 0.7783505154639175,
    "f1-score": 0.7864583333333334,
    "support": 194.0
  },
  "3": {
    "precision": 0.6790697674418604,
    "recall": 0.7053140096618358,
    "f1-score": 0.6919431279620853,
    "support": 207.0
  },
  "4": {
    "precision": 0.7336956521739131,
    "recall": 0.7458563535911602,
    "f1-score": 0.7397260273972602,
    "support": 181.0
  },
  "5": {
    "precision": 0.6648648648648648,
    "recall": 0.6577540106951871,
    "f1-score": 0.6612903225806451,
    "support": 187.0
  },
  "6": {
    "precision": 0.8351063829787234,
    "recall": 0.8177083333333334,
    "f1-score": 0.8263157894736842,
    "support": 192.0
  },
  "7": {
    "precision": 0.8398058252427184,
    "recall": 0.8199052132701422,
    "f1-score": 0.829736211031175,
    "support": 211.0
  },
  "8": {
    "precision": 0.7380952380952381,
    "recall": 0.6391752577319587,
    "f1-score": 0.6850828729281768,
    "support": 194.0
  },
  "9": {
    "precision": 0.7707317073170732,
    "recall": 0.7632850241545893,
    "f1-score": 0.7669902912621359,
    "support": 207.0
  },
  "accuracy": 0.7755,
  "macro avg": {
    "precision": 0.7725071135222535,
    "recall": 0.7718542714812298,
    "f1-score": 0.7715082961988807,
    "support": 2000.0
  },
  "weighted avg": {
    "precision": 0.7745627080433636,
    "recall": 0.7755,
    "f1-score": 0.7743365857595336,
    "support": 2000.0
  }
}