{
  "0": {
    "precision": 0.8706467661691543,
    "recall": 0.8883248730964467,
    "f1-score": 0.8793969849246231,
    "support": 197.0
  },
  "1": {
    "precision": 0.9037656903765691,
    "recall": 0.9391304347826087,
    "f1-score": 0.9211087420042644,
    "support": 230.0
  },
  "2": {
    "precision": 0.8142076502732241,
    "recall": 0.7680412371134021,
    "f1-score": 0.7904509283819628,
    "support": 194.0
  },
  "3": {
    "precision": 0.6912442396313364,
    "recall": 0.7246376811594203,
    "f1-score": 0.7075471698113207,
    "support": 207.0
  },
  "4": {
    "precision": 0.723404255319149,
    "recall": 0.7513812154696132,
    "f1-score": 0.7371273712737128,
    "support": 181.0
  },
  "5": {
    "precision": 0.6721311475409836,
    "recall": 0.6577540106951871,
    "f1-score": 0.6648648648648648,
    "support": 187.0
  },
  "6": {
    "precision": 0.8298969072164949,
    "recall": 0.8385416666666666,
    "f1-score": 0.8341968911917098,
    "support": 192.0
  },
  "7": {
    "precision": 0.8277511961722488,
    "recall": 0.8199052132701422,
    "f1-score": 0.8238095238095238,
    "support": 211.0
  },
  "8": {
    "precision": 0.7005649717514124,
    "recall": 0.6391752577319587,
    "f1-score": 0.6684636118598383,
    "support": 194.0
  },
  "9": {
    "precision": 0.7511961722488039,
    "recall": 0.7584541062801933,
    "f1-score": 0.7548076923076923,
    "support": 207.0
  },
  "accuracy": 0.782,
  "macro avg": {
    "precision": 0.7784808996699376,
    "recall": 0.778534569626564,
    "f1-score": 0.7781773780429513,
    "support": 2000.0
  },
  "weighted avg": {
    "precision": 0.781227489517372,
    "recall": 0.782,
    "f1-score": 0.7812862452597831,
    "support": 2000.0
  }
}