{
  "0": {
    "precision": 0.9447236180904522,
    "recall": 0.9543147208121827,
    "f1-score": 0.9494949494949495,
    "support": 197.0
  },
  "1": {
    "precision": 0.934156378600823,
    "recall": 0.9869565217391304,
    "f1-score": 0.959830866807611,
    "support": 230.0
  },
  "2": {
    "precision": 0.8730964467005076,
    "recall": 0.8865979381443299,
    "f1-score": 0.8797953964194374,
    "support": 194.0
  },
  "3": {
    "precision": 0.9153439153439153,
    "recall": 0.8357487922705314,
    "f1-score": 0.8737373737373737,
    "support": 207.0
  },
  "4": {
    "precision": 0.8770949720670391,
    "recall": 0.8674033149171271,
    "f1-score": 0.8722222222222222,
    "support": 181.0
  },
  "5": {
    "precision": 0.8368421052631579,
    "recall": 0.8502673796791443,
    "f1-score": 0.843501326259947,
    "support": 187.0
  },
  "6": {
    "precision": 0.9421052631578948,
    "recall": 0.9322916666666666,
    "f1-score": 0.93717277486911,
    "support": 192.0
  },
  "7": {
    "precision": 0.9245283018867925,
    "recall": 0.9289099526066351,
    "f1-score": 0.9267139479905437,
    "support": 211.0
  },
  "8": {
    "precision": 0.851063829787234,
    "recall": 0.8247422680412371,
    "f1-score": 0.837696335078534,
    "support": 194.0
  },
  "9": {
    "precision": 0.8591549295774648,
    "recall": 0.8840579710144928,
    "f1-score": 0.8714285714285714,
    "support": 207.0
  },
  "accuracy": 0.897,
  "macro avg": {
    "precision": 0.8958109760475281,
    "recall": 0.8951290525891478,
    "f1-score": 0.8951593764308301,
    "support": 2000.0
  },
  "weighted avg": {
    "precision": 0.8969891101160649,
    "recall": 0.897,
    "f1-score": 0.8966675685049593,
    "support": 2000.0
  }
}