{
  "0": {
    "precision": 0.9543147208121827,
    "recall": 0.9543147208121827,
    "f1-score": 0.9543147208121827,
    "support": 197.0
  },
  "1": {
    "precision": 0.941908713692946,
    "recall": 0.9869565217391304,
    "f1-score": 0.9639065817409767,
    "support": 230.0
  },
  "2": {
    "precision": 0.9072164948453608,
    "recall": 0.9072164948453608,
    "f1-score": 0.9072164948453608,
    "support": 194.0
  },
  "3": {
    "precision": 0.9072164948453608,
    "recall": 0.8502415458937198,
    "f1-score": 0.8778054862842892,
    "support": 207.0
  },
  "4": {
    "precision": 0.8983050847457628,
    "recall": 0.8784530386740331,
    "f1-score": 0.888268156424581,
    "support": 181.0
  },
  "5": {
    "precision": 0.8526315789473684,
    "recall": 0.8663101604278075,
    "f1-score": 0.8594164456233422,
    "support": 187.0
  },
  "6": {
    "precision": 0.9427083333333334,
    "recall": 0.9427083333333334,
    "f1-score": 0.9427083333333334,
    "support": 192.0
  },
  "7": {
    "precision": 0.9245283018867925,
    "recall": 0.9289099526066351,
    "f1-score": 0.9267139479905437,
    "support": 211.0
  },
  "8": {
    "precision": 0.8663101604278075,
    "recall": 0.8350515463917526,
    "f1-score": 0.8503937007874016,
    "support": 194.0
  },
  "9": {
    "precision": 0.8425925925925926,
    "recall": 0.8792270531400966,
    "f1-score": 0.8605200945626478,
    "support": 207.0
  },
  "accuracy": 0.9045,
  "macro avg": {
    "precision": 0.903773247612951,
    "recall": 0.9029389367864052,
    "f1-score": 0.903126396240466,
    "support": 2000.0
  },
  "weighted avg": {
    "precision": 0.9045122268361414,
    "recall": 0.9045,
    "f1-score": 0.9042661708294576,
    "support": 2000.0
  }
}