{
  "0": {
    "precision": 0.9797979797979798,
    "recall": 0.9847715736040609,
    "f1-score": 0.9822784810126582,
    "support": 197.0
  },
  "1": {
    "precision": 0.9659574468085106,
    "recall": 0.9869565217391304,
    "f1-score": 0.9763440860215054,
    "support": 230.0
  },
  "2": {
    "precision": 0.9158415841584159,
    "recall": 0.9536082474226805,
    "f1-score": 0.9343434343434344,
    "support": 194.0
  },
  "3": {
    "precision": 0.9444444444444444,
    "recall": 0.9033816425120773,
    "f1-score": 0.9234567901234568,
    "support": 207.0
  },
  "4": {
    "precision": 0.9293478260869565,
    "recall": 0.9447513812154696,
    "f1-score": 0.936986301369863,
    "support": 181.0
  },
  "5": {
    "precision": 0.9259259259259259,
    "recall": 0.9358288770053476,
    "f1-score": 0.9308510638297872,
    "support": 187.0
  },
  "6": {
    "precision": 0.9690721649484536,
    "recall": 0.9791666666666666,
    "f1-score": 0.9740932642487047,
    "support": 192.0
  },
  "7": {
    "precision": 0.9509803921568627,
    "recall": 0.919431279620853,
    "f1-score": 0.9349397590361446,
    "support": 211.0
  },
  "8": {
    "precision": 0.9175824175824175,
    "recall": 0.8608247422680413,
    "f1-score": 0.8882978723404256,
    "support": 194.0
  },
  "9": {
    "precision": 0.8878504672897196,
    "recall": 0.9178743961352657,
    "f1-score": 0.9026128266033254,
    "support": 207.0
  },
  "accuracy": 0.939,
  "macro avg": {
    "precision": 0.9386800649199687,
    "recall": 0.9386595328189594,
    "f1-score": 0.9384203878929306,
    "support": 2000.0
  },
  "weighted avg": {
    "precision": 0.9391192704689708,
    "recall": 0.939,
    "f1-score": 0.9388093450400229,
    "support": 2000.0
  }
}