{
  "0": {
    "precision": 0.9796954314720813,
    "recall": 0.9796954314720813,
    "f1-score": 0.9796954314720813,
    "support": 197.0
  },
  "1": {
    "precision": 0.9578059071729957,
    "recall": 0.9869565217391304,
    "f1-score": 0.9721627408993576,
    "support": 230.0
  },
  "2": {
    "precision": 0.9384615384615385,
    "recall": 0.9432989690721649,
    "f1-score": 0.9408740359897172,
    "support": 194.0
  },
  "3": {
    "precision": 0.9227053140096618,
    "recall": 0.9227053140096618,
    "f1-score": 0.9227053140096618,
    "support": 207.0
  },
  "4": {
    "precision": 0.9340659340659341,
    "recall": 0.9392265193370166,
    "f1-score": 0.9366391184573003,
    "support": 181.0
  },
  "5": {
    "precision": 0.9402173913043478,
    "recall": 0.9251336898395722,
    "f1-score": 0.9326145552560647,
    "support": 187.0
  },
  "6": {
    "precision": 0.9689119170984456,
    "recall": 0.9739583333333334,
    "f1-score": 0.9714285714285714,
    "support": 192.0
  },
  "7": {
    "precision": 0.9512195121951219,
    "recall": 0.9241706161137441,
    "f1-score": 0.9375,
    "support": 211.0
  },
  "8": {
    "precision": 0.9171270718232044,
    "recall": 0.8556701030927835,
    "f1-score": 0.8853333333333333,
    "support": 194.0
  },
  "9": {
    "precision": 0.8812785388127854,
    "recall": 0.9323671497584541,
    "f1-score": 0.9061032863849765,
    "support": 207.0
  },
  "accuracy": 0.939,
  "macro avg": {
    "precision": 0.9391488556416115,
    "recall": 0.9383182647767943,
    "f1-score": 0.9385056387231063,
    "support": 2000.0
  },
  "weighted avg": {
    "precision": 0.9391645989875975,
    "recall": 0.939,
    "f1-score": 0.9388512141625777,
    "support": 2000.0
  }
}