{
  "0": {
    "precision": 1.0,
    "recall": 0.9847715736040609,
    "f1-score": 0.9923273657289002,
    "support": 197.0
  },
  "1": {
    "precision": 0.9698275862068966,
    "recall": 0.9782608695652174,
    "f1-score": 0.974025974025974,
    "support": 230.0
  },
  "2": {
    "precision": 0.9333333333333333,
    "recall": 0.9381443298969072,
    "f1-score": 0.9357326478149101,
    "support": 194.0
  },
  "3": {
    "precision": 0.9326923076923077,
    "recall": 0.9371980676328503,
    "f1-score": 0.9349397590361446,
    "support": 207.0
  },
  "4": {
    "precision": 0.93048128342246,
    "recall": 0.9613259668508287,
    "f1-score": 0.9456521739130435,
    "support": 181.0
  },
  "5": {
    "precision": 0.946524064171123,
    "recall": 0.946524064171123,
    "f1-score": 0.946524064171123,
    "support": 187.0
  },
  "6": {
    "precision": 0.9743589743589743,
    "recall": 0.9895833333333334,
    "f1-score": 0.9819121447028424,
    "support": 192.0
  },
  "7": {
    "precision": 0.9569377990430622,
    "recall": 0.9478672985781991,
    "f1-score": 0.9523809523809523,
    "support": 211.0
  },
  "8": {
    "precision": 0.9365079365079365,
    "recall": 0.9123711340206185,
    "f1-score": 0.9242819843342036,
    "support": 194.0
  },
  "9": {
    "precision": 0.9313725490196079,
    "recall": 0.9178743961352657,
    "f1-score": 0.9245742092457421,
    "support": 207.0
  },
  "accuracy": 0.9515,
  "macro avg": {
    "precision": 0.9512035833755702,
    "recall": 0.9513921033788405,
    "f1-score": 0.9512351275353836,
    "support": 2000.0
  },
  "weighted avg": {
    "precision": 0.9515394437453167,
    "recall": 0.9515,
    "f1-score": 0.9514596256797168,
    "support": 2000.0
  }
}