{
  "0": {
    "precision": 0.9306930693069307,
    "recall": 0.9543147208121827,
    "f1-score": 0.9423558897243107,
    "support": 197.0
  },
  "1": {
    "precision": 0.9306122448979591,
    "recall": 0.991304347826087,
    "f1-score": 0.96,
    "support": 230.0
  },
  "2": {
    "precision": 0.9,
    "recall": 0.9278350515463918,
    "f1-score": 0.9137055837563451,
    "support": 194.0
  },
  "3": {
    "precision": 0.8844221105527639,
    "recall": 0.8502415458937198,
    "f1-score": 0.8669950738916257,
    "support": 207.0
  },
  "4": {
    "precision": 0.8549222797927462,
    "recall": 0.9116022099447514,
    "f1-score": 0.8823529411764706,
    "support": 181.0
  },
  "5": {
    "precision": 0.8908045977011494,
    "recall": 0.8288770053475936,
    "f1-score": 0.8587257617728532,
    "support": 187.0
  },
  "6": {
    "precision": 0.93717277486911,
    "recall": 0.9322916666666666,
    "f1-score": 0.9347258485639687,
    "support": 192.0
  },
  "7": {
    "precision": 0.9241706161137441,
    "recall": 0.9241706161137441,
    "f1-score": 0.9241706161137441,
    "support": 211.0
  },
  "8": {
    "precision": 0.8586956521739131,
    "recall": 0.8144329896907216,
    "f1-score": 0.8359788359788359,
    "support": 194.0
  },
  "9": {
    "precision": 0.900497512437811,
    "recall": 0.8743961352657005,
    "f1-score": 0.8872549019607843,
    "support": 207.0
  },
  "accuracy": 0.9025,
  "macro avg": {
    "precision": 0.9011990857846127,
    "recall": 0.9009466289107559,
    "f1-score": 0.9006265452938937,
    "support": 2000.0
  },
  "weighted avg": {
    "precision": 0.9021556173241276,
    "recall": 0.9025,
    "f1-score": 0.901883797717255,
    "support": 2000.0
  }
}