{
  "0": {
    "precision": 0.9948453608247423,
    "recall": 0.9796954314720813,
    "f1-score": 0.9872122762148338,
    "support": 197.0
  },
  "1": {
    "precision": 0.9659574468085106,
    "recall": 0.9869565217391304,
    "f1-score": 0.9763440860215054,
    "support": 230.0
  },
  "2": {
    "precision": 0.9489795918367347,
    "recall": 0.9587628865979382,
    "f1-score": 0.9538461538461539,
    "support": 194.0
  },
  "3": {
    "precision": 0.9565217391304348,
    "recall": 0.9565217391304348,
    "f1-score": 0.9565217391304348,
    "support": 207.0
  },
  "4": {
    "precision": 0.9354838709677419,
    "recall": 0.9613259668508287,
    "f1-score": 0.9482288828337875,
    "support": 181.0
  },
  "5": {
    "precision": 0.9516129032258065,
    "recall": 0.946524064171123,
    "f1-score": 0.9490616621983914,
    "support": 187.0
  },
  "6": {
    "precision": 0.9742268041237113,
    "recall": 0.984375,
    "f1-score": 0.9792746113989638,
    "support": 192.0
  },
  "7": {
    "precision": 0.9710144927536232,
    "recall": 0.95260663507109,
    "f1-score": 0.9617224880382775,
    "support": 211.0
  },
  "8": {
    "precision": 0.946524064171123,
    "recall": 0.9123711340206185,
    "f1-score": 0.9291338582677166,
    "support": 194.0
  },
  "9": {
    "precision": 0.9375,
    "recall": 0.9420289855072463,
    "f1-score": 0.9397590361445783,
    "support": 207.0
  },
  "accuracy": 0.9585,
  "macro avg": {
    "precision": 0.958266627384243,
    "recall": 0.9581168364560492,
    "f1-score": 0.9581104794094643,
    "support": 2000.0
  },
  "weighted avg": {
    "precision": 0.958577378012555,
    "recall": 0.9585,
    "f1-score": 0.9584581650099897,
    "support": 2000.0
  }
}