{
  "0": {
    "precision": 0.9795918367346939,
    "recall": 0.9746192893401016,
    "f1-score": 0.9770992366412213,
    "support": 197.0
  },
  "1": {
    "precision": 0.9702127659574468,
    "recall": 0.991304347826087,
    "f1-score": 0.9806451612903225,
    "support": 230.0
  },
  "2": {
    "precision": 0.9285714285714286,
    "recall": 0.9381443298969072,
    "f1-score": 0.9333333333333333,
    "support": 194.0
  },
  "3": {
    "precision": 0.9182692307692307,
    "recall": 0.9227053140096618,
    "f1-score": 0.9204819277108434,
    "support": 207.0
  },
  "4": {
    "precision": 0.9398907103825137,
    "recall": 0.9502762430939227,
    "f1-score": 0.945054945054945,
    "support": 181.0
  },
  "5": {
    "precision": 0.9562841530054644,
    "recall": 0.9358288770053476,
    "f1-score": 0.9459459459459459,
    "support": 187.0
  },
  "6": {
    "precision": 0.958974358974359,
    "recall": 0.9739583333333334,
    "f1-score": 0.9664082687338501,
    "support": 192.0
  },
  "7": {
    "precision": 0.9514563106796117,
    "recall": 0.9289099526066351,
    "f1-score": 0.9400479616306955,
    "support": 211.0
  },
  "8": {
    "precision": 0.8952879581151832,
    "recall": 0.8814432989690721,
    "f1-score": 0.8883116883116883,
    "support": 194.0
  },
  "9": {
    "precision": 0.9178743961352657,
    "recall": 0.9178743961352657,
    "f1-score": 0.9178743961352657,
    "support": 207.0
  },
  "accuracy": 0.942,
  "macro avg": {
    "precision": 0.9416413149325198,
    "recall": 0.9415064382216334,
    "f1-score": 0.9415202864788113,
    "support": 2000.0
  },
  "weighted avg": {
    "precision": 0.9419323467305565,
    "recall": 0.942,
    "f1-score": 0.9419115871990932,
    "support": 2000.0
  }
}