{
  "0": {
    "precision": 0.9846153846153847,
    "recall": 0.9746192893401016,
    "f1-score": 0.9795918367346939,
    "support": 197.0
  },
  "1": {
    "precision": 0.9659574468085106,
    "recall": 0.9869565217391304,
    "f1-score": 0.9763440860215054,
    "support": 230.0
  },
  "2": {
    "precision": 0.9238578680203046,
    "recall": 0.9381443298969072,
    "f1-score": 0.9309462915601023,
    "support": 194.0
  },
  "3": {
    "precision": 0.9043062200956937,
    "recall": 0.9130434782608695,
    "f1-score": 0.9086538461538461,
    "support": 207.0
  },
  "4": {
    "precision": 0.9289617486338798,
    "recall": 0.9392265193370166,
    "f1-score": 0.9340659340659341,
    "support": 181.0
  },
  "5": {
    "precision": 0.9555555555555556,
    "recall": 0.9197860962566845,
    "f1-score": 0.9373297002724795,
    "support": 187.0
  },
  "6": {
    "precision": 0.9595959595959596,
    "recall": 0.9895833333333334,
    "f1-score": 0.9743589743589743,
    "support": 192.0
  },
  "7": {
    "precision": 0.9556650246305419,
    "recall": 0.919431279620853,
    "f1-score": 0.9371980676328503,
    "support": 211.0
  },
  "8": {
    "precision": 0.9037433155080213,
    "recall": 0.8711340206185567,
    "f1-score": 0.8871391076115486,
    "support": 194.0
  },
  "9": {
    "precision": 0.892018779342723,
    "recall": 0.9178743961352657,
    "f1-score": 0.9047619047619048,
    "support": 207.0
  },
  "accuracy": 0.9375,
  "macro avg": {
    "precision": 0.9374277302806575,
    "recall": 0.9369799264538721,
    "f1-score": 0.9370389749173841,
    "support": 2000.0
  },
  "weighted avg": {
    "precision": 0.9376260289272628,
    "recall": 0.9375,
    "f1-score": 0.9373983314324419,
    "support": 2000.0
  }
}