{
  "0": {
    "precision": 0.9948979591836735,
    "recall": 0.9898477157360406,
    "f1-score": 0.9923664122137404,
    "support": 197.0
  },
  "1": {
    "precision": 0.9786324786324786,
    "recall": 0.9956521739130435,
    "f1-score": 0.9870689655172413,
    "support": 230.0
  },
  "2": {
    "precision": 0.9738219895287958,
    "recall": 0.9587628865979382,
    "f1-score": 0.9662337662337662,
    "support": 194.0
  },
  "3": {
    "precision": 0.9902912621359223,
    "recall": 0.9855072463768116,
    "f1-score": 0.9878934624697336,
    "support": 207.0
  },
  "4": {
    "precision": 0.9836065573770492,
    "recall": 0.994475138121547,
    "f1-score": 0.989010989010989,
    "support": 181.0
  },
  "5": {
    "precision": 0.9891891891891892,
    "recall": 0.9786096256684492,
    "f1-score": 0.9838709677419355,
    "support": 187.0
  },
  "6": {
    "precision": 0.9846153846153847,
    "recall": 1.0,
    "f1-score": 0.9922480620155039,
    "support": 192.0
  },
  "7": {
    "precision": 0.9672897196261683,
    "recall": 0.981042654028436,
    "f1-score": 0.9741176470588235,
    "support": 211.0
  },
  "8": {
    "precision": 0.9790575916230366,
    "recall": 0.9639175257731959,
    "f1-score": 0.9714285714285714,
    "support": 194.0
  },
  "9": {
    "precision": 0.975609756097561,
    "recall": 0.966183574879227,
    "f1-score": 0.970873786407767,
    "support": 207.0
  },
  "accuracy": 0.9815,
  "macro avg": {
    "precision": 0.9817011888009258,
    "recall": 0.9813998541094688,
    "f1-score": 0.9815112630098071,
    "support": 2000.0
  },
  "weighted avg": {
    "precision": 0.98151798375667,
    "recall": 0.9815,
    "f1-score": 0.981469335357164,
    "support": 2000.0
  }
}