{
  "0": {
    "precision": 0.9948717948717949,
    "recall": 0.9847715736040609,
    "f1-score": 0.9897959183673469,
    "support": 197.0
  },
  "1": {
    "precision": 0.9829059829059829,
    "recall": 1.0,
    "f1-score": 0.9913793103448276,
    "support": 230.0
  },
  "2": {
    "precision": 0.9842105263157894,
    "recall": 0.9639175257731959,
    "f1-score": 0.9739583333333334,
    "support": 194.0
  },
  "3": {
    "precision": 0.9809523809523809,
    "recall": 0.9951690821256038,
    "f1-score": 0.988009592326139,
    "support": 207.0
  },
  "4": {
    "precision": 0.9886363636363636,
    "recall": 0.9613259668508287,
    "f1-score": 0.9747899159663865,
    "support": 181.0
  },
  "5": {
    "precision": 0.9891304347826086,
    "recall": 0.9732620320855615,
    "f1-score": 0.9811320754716981,
    "support": 187.0
  },
  "6": {
    "precision": 0.9795918367346939,
    "recall": 1.0,
    "f1-score": 0.9896907216494846,
    "support": 192.0
  },
  "7": {
    "precision": 0.9579439252336449,
    "recall": 0.9715639810426541,
    "f1-score": 0.9647058823529412,
    "support": 211.0
  },
  "8": {
    "precision": 0.983957219251337,
    "recall": 0.9484536082474226,
    "f1-score": 0.9658792650918635,
    "support": 194.0
  },
  "9": {
    "precision": 0.9392523364485982,
    "recall": 0.9710144927536232,
    "f1-score": 0.9548693586698337,
    "support": 207.0
  },
  "accuracy": 0.9775,
  "macro avg": {
    "precision": 0.9781452801133195,
    "recall": 0.976947826248295,
    "f1-score": 0.9774210373573855,
    "support": 2000.0
  },
  "weighted avg": {
    "precision": 0.9777417064000173,
    "recall": 0.9775,
    "f1-score": 0.9774968534423136,
    "support": 2000.0
  }
}