{
  "0": {
    "precision": 0.9948186528497409,
    "recall": 0.9746192893401016,
    "f1-score": 0.9846153846153847,
    "support": 197.0
  },
  "1": {
    "precision": 0.9620253164556962,
    "recall": 0.991304347826087,
    "f1-score": 0.9764453961456103,
    "support": 230.0
  },
  "2": {
    "precision": 0.9427083333333334,
    "recall": 0.9329896907216495,
    "f1-score": 0.9378238341968912,
    "support": 194.0
  },
  "3": {
    "precision": 0.9326923076923077,
    "recall": 0.9371980676328503,
    "f1-score": 0.9349397590361446,
    "support": 207.0
  },
  "4": {
    "precision": 0.9395604395604396,
    "recall": 0.9447513812154696,
    "f1-score": 0.9421487603305785,
    "support": 181.0
  },
  "5": {
    "precision": 0.9562841530054644,
    "recall": 0.9358288770053476,
    "f1-score": 0.9459459459459459,
    "support": 187.0
  },
  "6": {
    "precision": 0.9593908629441624,
    "recall": 0.984375,
    "f1-score": 0.9717223650385605,
    "support": 192.0
  },
  "7": {
    "precision": 0.9523809523809523,
    "recall": 0.9478672985781991,
    "f1-score": 0.9501187648456056,
    "support": 211.0
  },
  "8": {
    "precision": 0.9263157894736842,
    "recall": 0.9072164948453608,
    "f1-score": 0.9166666666666666,
    "support": 194.0
  },
  "9": {
    "precision": 0.9230769230769231,
    "recall": 0.927536231884058,
    "f1-score": 0.9253012048192771,
    "support": 207.0
  },
  "accuracy": 0.949,
  "macro avg": {
    "precision": 0.9489253730772704,
    "recall": 0.9483686679049124,
    "f1-score": 0.9485728081640665,
    "support": 2000.0
  },
  "weighted avg": {
    "precision": 0.9490105054000615,
    "recall": 0.949,
    "f1-score": 0.9489296397749382,
    "support": 2000.0
  }
}