{
  "0": {
    "precision": 0.9895833333333334,
    "recall": 0.9644670050761421,
    "f1-score": 0.9768637532133676,
    "support": 197.0
  },
  "1": {
    "precision": 0.9620253164556962,
    "recall": 0.991304347826087,
    "f1-score": 0.9764453961456103,
    "support": 230.0
  },
  "2": {
    "precision": 0.9424083769633508,
    "recall": 0.9278350515463918,
    "f1-score": 0.935064935064935,
    "support": 194.0
  },
  "3": {
    "precision": 0.9278846153846154,
    "recall": 0.9323671497584541,
    "f1-score": 0.9301204819277108,
    "support": 207.0
  },
  "4": {
    "precision": 0.9395604395604396,
    "recall": 0.9447513812154696,
    "f1-score": 0.9421487603305785,
    "support": 181.0
  },
  "5": {
    "precision": 0.9508196721311475,
    "recall": 0.93048128342246,
    "f1-score": 0.9405405405405406,
    "support": 187.0
  },
  "6": {
    "precision": 0.9543147208121827,
    "recall": 0.9791666666666666,
    "f1-score": 0.9665809768637532,
    "support": 192.0
  },
  "7": {
    "precision": 0.9560975609756097,
    "recall": 0.9289099526066351,
    "f1-score": 0.9423076923076923,
    "support": 211.0
  },
  "8": {
    "precision": 0.9206349206349206,
    "recall": 0.8969072164948454,
    "f1-score": 0.9086161879895561,
    "support": 194.0
  },
  "9": {
    "precision": 0.8888888888888888,
    "recall": 0.927536231884058,
    "f1-score": 0.9078014184397163,
    "support": 207.0
  },
  "accuracy": 0.943,
  "macro avg": {
    "precision": 0.9432217845140185,
    "recall": 0.942372628649721,
    "f1-score": 0.942649014282346,
    "support": 2000.0
  },
  "weighted avg": {
    "precision": 0.9432724922904567,
    "recall": 0.943,
    "f1-score": 0.942984524540416,
    "support": 2000.0
  }
}